gps_time,gps_lat,gps_lon,9dof_m_x,9dof_m_y,9dof_m_z
2019-03-22T22:05:05.800Z,37.268655324,-76.716676194,25.3,70.9,-17.900000000000002
