gps_time,gps_lat,gps_lon,9dof_m_x,9dof_m_y,9dof_m_z
2019-04-19T21:43:39.400Z,37.268586007,-76.71679836,14.200000000000001,-4.1000000000000005,-0.9
