gps_time,gps_lat,gps_lon,9dof_m_x,9dof_m_y,9dof_m_z
2019-03-20T21:22:09.600Z,37.268619006,-76.716794601,36.0,82.7,-6.2
